{
  "accuracy": 0.45,
  "macro_f1": 0.4106,
  "ece": 0.3528,
  "unparseable": 6,
  "total_samples": 100,
  "per_class": {
    "Entailment": {
      "precision": 0.5641025641025641,
      "recall": 0.5789473684210527,
      "f1-score": 0.5714285714285714,
      "support": 38.0
    },
    "Neutral": {
      "precision": 0.38,
      "recall": 0.5,
      "f1-score": 0.4318181818181818,
      "support": 38.0
    },
    "Contradiction": {
      "precision": 0.36363636363636365,
      "recall": 0.16666666666666666,
      "f1-score": 0.22857142857142856,
      "support": 24.0
    },
    "accuracy": 0.45,
    "macro avg": {
      "precision": 0.4359129759129759,
      "recall": 0.41520467836257313,
      "f1-score": 0.41060606060606064,
      "support": 100.0
    },
    "weighted avg": {
      "precision": 0.44603170163170164,
      "recall": 0.45,
      "f1-score": 0.4360909090909091,
      "support": 100.0
    }
  },
  "confusion_matrix": [
    [
      22,
      15,
      1
    ],
    [
      13,
      19,
      6
    ],
    [
      4,
      16,
      4
    ]
  ]
}