{
  "accuracy": 0.4828,
  "macro_f1": 0.4795,
  "ece": 0.3641,
  "total_samples": 3200,
  "per_class": {
    "Entailment": {
      "precision": 0.47513812154696133,
      "recall": 0.5626168224299065,
      "f1-score": 0.5151904150620453,
      "support": 1070.0
    },
    "Neutral": {
      "precision": 0.49542124542124544,
      "recall": 0.5065543071161048,
      "f1-score": 0.5009259259259259,
      "support": 1068.0
    },
    "Contradiction": {
      "precision": 0.4780023781212842,
      "recall": 0.3785310734463277,
      "f1-score": 0.42249080399369415,
      "support": 1062.0
    },
    "accuracy": 0.4828125,
    "macro avg": {
      "precision": 0.4828539150298303,
      "recall": 0.4825674009974463,
      "f1-score": 0.4795357149938884,
      "support": 3200.0
    },
    "weighted avg": {
      "precision": 0.48285818929060703,
      "recall": 0.4828125,
      "f1-score": 0.47966495838955636,
      "support": 3200.0
    }
  },
  "confusion_matrix": [
    [
      602,
      289,
      179
    ],
    [
      267,
      541,
      260
    ],
    [
      398,
      262,
      402
    ]
  ]
}